<?xml version="1.0" encoding="UTF-8"?>

<beans xmlns="http://www.springframework.org/schema/beans"
       xmlns:xsi="http://www.w3.org/2001/XMLSchema-instance"
       xsi:schemaLocation="
        http://www.springframework.org/schema/beans
        http://www.springframework.org/schema/beans/spring-beans.xsd">

    <bean class="org.apache.ignite.configuration.IgniteConfiguration">
        <property name="dataStorageConfiguration">
            <bean class="org.apache.ignite.configuration.DataStorageConfiguration">
                <property name="defaultDataRegionConfiguration">
                    <bean class="org.apache.ignite.configuration.DataRegionConfiguration">
                        <property name="persistenceEnabled" value="true"/>
                    </bean>
                </property>
            </bean>
        </property>
    </bean>
</beans>
